City_ID,City,Lat,Lng,Max Temp,Humidity,Cloudiness,Wind Speed,Country,Date
0,baise city,23.8997,106.6133,25.13,96,90,0.62,CN,1689868302
1,meizhou,24.2977,116.1072,26.29,93,98,1.02,CN,1689868302
2,laojunmiao,39.8333,97.7333,22.47,23,0,3.74,CN,1689868302
3,greymouth,-42.4667,171.2,5.85,83,97,6.3,NZ,1689868061
4,port-aux-francais,-49.35,70.2167,1.68,64,52,18.96,TF,1689868302
5,puerto ayora,-0.7393,-90.3518,27.98,92,72,1.79,EC,1689868043
6,taoudenni,22.6783,-3.9836,47.35,5,0,4.93,ML,1689868072
7,la ronge,55.1001,-105.2842,19.12,77,75,2.57,CA,1689868302
8,aasiaat,68.7098,-52.8699,3.49,99,100,4.13,GL,1689868302
9,uturoa,-16.7333,-151.4333,24.44,64,28,8.19,PF,1689868303
10,wailua homesteads,22.0669,-159.378,25.44,89,75,8.23,US,1689868303
11,blackmans bay,-43.0167,147.3167,6.4,85,75,2.57,AU,1689868303
12,howrah,22.5892,88.3103,30.0,79,40,4.63,IN,1689868303
13,longyearbyen,78.2186,15.6401,12.91,54,20,8.23,SJ,1689868303
14,nuku'alofa,-21.1333,-175.2,20.19,94,100,6.17,TO,1689868303
15,nagqu,31.5,92.0,4.45,61,0,3.05,CN,1689868303
16,corinto,37.9407,22.9573,35.5,25,0,0.5,GR,1689868303
17,grytviken,-54.2811,-36.5092,-4.45,84,100,1.36,GS,1689868304
18,bilibino,68.0546,166.4372,12.83,78,95,0.68,RU,1689868056
19,dudinka,69.4058,86.1778,18.68,94,89,5.18,RU,1689868304
20,ushuaia,-54.8,-68.3,-0.19,93,100,2.06,AR,1689868304
21,port mathurin,-19.6833,63.4167,23.41,68,9,8.87,MU,1689868304
22,raahe,64.6833,24.4833,19.05,81,100,3.07,FI,1689868304
23,rehoboth,-23.3167,17.0833,19.09,17,16,1.96,NA,1689868304
24,hawaiian paradise park,19.5933,-154.9731,22.8,98,100,0.0,US,1689868304
25,flying fish cove,-10.4217,105.6791,23.82,83,75,5.66,CX,1689868304
26,adamstown,-25.066,-130.1015,22.74,81,100,14.98,PN,1689868304
27,muang phonsavan,19.45,103.2167,19.53,99,100,0.89,LA,1689868305
28,tiksi,71.6872,128.8694,6.03,64,70,2.77,RU,1689868305
29,waitangi,-43.9535,-176.5597,6.57,92,100,1.79,NZ,1689868241
30,tataouine,32.9297,10.4518,42.76,8,0,6.73,TN,1689868108
31,menongue,-14.6585,17.691,26.34,17,17,1.4,AO,1689868073
32,college,64.8569,-147.8028,16.99,94,100,2.06,US,1689868305
33,ola,59.5833,151.2833,12.94,89,52,0.83,RU,1689868305
34,tolanaro,-25.0319,46.9987,22.04,88,20,1.03,MG,1689868058
35,ribeira grande,38.5167,-28.7,23.22,88,20,2.57,PT,1689868067
36,bredasdorp,-34.5322,20.0403,10.55,66,10,5.62,ZA,1689868305
37,lihue,21.9789,-159.3672,25.77,85,75,8.23,US,1689868306
38,olonkinbyen,70.9221,-8.7187,5.64,85,100,0.96,SJ,1689868306
39,tuy hoa,13.0833,109.3,25.97,89,76,1.27,VN,1689868306
40,itoman,26.1247,127.6694,28.21,83,86,2.06,JP,1689868306
41,constantia,44.1833,28.65,31.5,59,39,6.15,RO,1689868306
42,turkmenbasy,40.0222,52.9552,33.43,21,0,3.09,TM,1689868306
43,taro,-8.3862,115.28,22.0,83,68,1.07,ID,1689868306
44,marka,1.7159,44.7717,24.95,85,91,8.57,SO,1689868306
45,nar'yan-mar,67.6713,53.087,16.08,82,100,7.45,RU,1689868307
46,albany,42.6001,-73.9662,27.66,59,1,0.45,US,1689868307
47,papatowai,-46.5619,169.4708,5.62,70,6,7.56,NZ,1689868241
48,grand falls-windsor,48.9332,-55.6649,21.74,86,100,3.37,CA,1689868307
49,sisimiut,66.9395,-53.6735,12.32,79,95,0.17,GL,1689868117
50,gadzhiyevo,69.2551,33.3362,10.2,88,100,9.33,RU,1689868115
51,samdari,25.8167,72.5833,34.98,51,83,2.5,IN,1689868307
52,iquique,-20.2208,-70.1431,18.02,67,3,2.28,CL,1689868307
53,chonchi,-42.6128,-73.8092,12.29,87,97,4.75,CL,1689868069
54,yellowknife,62.456,-114.3525,23.29,56,100,1.03,CA,1689868307
55,remire-montjoly,4.9167,-52.2667,32.02,62,75,4.63,GF,1689868059
56,wynyard,-41.0,145.7167,7.12,89,38,3.23,AU,1689868308
57,talnakh,69.4865,88.3972,18.45,88,95,3.9,RU,1689868053
58,ilulissat,69.2167,-51.1,9.01,87,75,4.12,GL,1689868308
59,arraial do cabo,-22.9661,-42.0278,22.92,60,75,5.66,BR,1689868308
60,saipan,15.1355,145.701,28.39,100,20,3.6,MP,1689868308
61,praia da vitoria,38.7333,-27.0667,24.14,78,40,2.63,PT,1689868309
62,celestun,20.8667,-90.4,30.41,64,88,1.78,MX,1689868309
63,nova sintra,14.8667,-24.7167,23.55,78,93,4.33,CV,1689868309
64,atafu village,-8.5421,-172.5159,27.97,79,45,4.28,TK,1689868309
65,isafjordur,66.0755,-23.124,9.02,87,20,4.12,IS,1689868070
66,chacabuco,-34.6417,-60.4739,13.88,63,75,5.53,AR,1689868210
67,invercargill,-46.4,168.35,3.49,84,5,4.31,NZ,1689868045
68,banda aceh,5.5577,95.3222,27.09,79,54,6.63,ID,1689868309
69,mil'kovo,55.6078,37.7956,20.33,62,65,4.91,RU,1689868309
70,nova xavantina,-14.6667,-52.35,34.57,19,65,4.08,BR,1689868310
71,pratt,37.6439,-98.7376,28.7,83,75,3.09,US,1689868310
72,usinsk,65.9939,57.5281,22.9,61,99,2.9,RU,1689868310
73,tadine,-21.55,167.8833,19.02,69,3,6.21,NC,1689868310
74,edinburgh of the seven seas,-37.0676,-12.3116,11.83,64,34,11.13,SH,1689868310
75,whitehorse,60.7161,-135.0538,14.5,61,75,1.03,CA,1689868310
76,smithers,54.7804,-127.1743,15.18,77,0,2.06,CA,1689868190
77,edd,13.9297,41.6925,33.67,62,100,3.44,ER,1689868310
78,west island,-12.1568,96.8225,24.99,73,75,6.69,CC,1689868311
79,i-n-salah,27.1935,2.4607,44.44,6,0,9.6,DZ,1689868311
80,alofi,-19.0595,-169.9187,22.94,73,96,4.12,NU,1689868311
81,xiahu,26.6106,119.9483,26.89,92,100,1.02,CN,1689868311
82,monrovia,6.3005,-10.7969,25.87,86,100,4.54,LR,1689868157
83,vadso,70.0744,29.7487,9.49,93,75,9.77,NO,1689868112
84,ende,-8.8432,121.6623,23.06,85,52,1.04,ID,1689868311
85,nemuro,43.3236,145.575,13.91,92,31,2.36,JP,1689868311
86,kargil,34.5667,76.1,18.19,56,97,1.61,IN,1689868311
87,bunda,-2.05,33.8667,25.1,32,13,1.86,TZ,1689868312
88,bosa,40.2993,8.4983,31.05,56,0,2.91,IT,1689868312
89,udachny,66.4167,112.4,15.92,62,100,1.65,RU,1689868312
90,bandon,51.7469,-8.7425,16.77,70,91,5.48,IE,1689868312
91,bethel,41.3712,-73.414,29.64,57,0,2.06,US,1689868312
92,avarua,-21.2078,-159.775,20.03,64,75,1.54,CK,1689868312
93,jamestown,42.097,-79.2353,26.68,56,0,3.6,US,1689868043
94,bonthe,7.5264,-12.505,27.59,77,98,5.04,SL,1689868312
95,kodinsk,58.6881,99.1844,17.9,52,6,1.35,RU,1689868313
96,bhadravati,13.8667,75.7167,22.4,86,100,6.28,IN,1689868313
97,dryden,49.7833,-92.7503,19.16,82,0,2.57,CA,1689868251
98,bridgewater,44.3835,-64.5155,27.28,83,100,3.09,CA,1689868014
99,nieuw amsterdam,5.8833,-55.0833,33.34,65,40,1.03,SR,1689868313
100,el calafate,-50.3408,-72.2768,3.33,94,100,0.69,AR,1689868313
101,hamilton,39.1834,-84.5333,28.88,76,100,2.06,US,1689868074
102,susuman,62.7833,148.1667,17.49,73,57,4.03,RU,1689868314
103,mankachar,25.5333,89.8667,29.74,78,100,3.32,IN,1689868314
104,utrik,11.2278,169.8474,28.27,78,100,7.5,MH,1689868314
105,glace bay,46.1969,-59.957,27.96,79,75,4.12,CA,1689868314
106,luganville,-15.5333,167.1667,24.14,86,99,4.68,VU,1689868314
107,georgetown,5.4112,100.3354,28.97,80,20,2.06,MY,1689868207
108,guanica,17.9716,-66.908,34.46,70,90,8.59,PR,1689868314
109,margaret river,-33.95,115.0667,14.69,74,65,8.56,AU,1689868283
110,anadyr,64.75,177.4833,11.28,87,100,4.0,RU,1689868315
111,pangoa,-12.1167,-73.0,27.33,57,13,1.79,PE,1689868315
112,sanctuary point,-35.1114,150.629,11.85,49,35,3.97,AU,1689868315
113,abepura,-2.6333,140.5833,23.45,88,40,0.0,ID,1689868315
114,port lincoln,-34.7333,135.8667,11.79,62,71,3.23,AU,1689868069
115,sandnessjoen,66.0217,12.6316,16.29,82,75,3.09,NO,1689868315
116,goundi,9.3627,17.366,29.97,60,89,0.8,TD,1689868315
117,stanley,54.868,-1.6985,17.66,80,98,2.65,GB,1689868315
118,saint-joseph,-21.3667,55.6167,22.21,84,38,2.37,RE,1689868316
119,mumbwa,-14.9783,27.0619,21.9,26,0,1.71,ZM,1689868316
120,arkhangel'sk,64.5401,40.5433,21.92,71,76,3.24,RU,1689868316
121,kuchinda,21.7333,84.35,28.98,85,100,2.09,IN,1689868316
122,lianzhou,24.7811,112.3825,25.93,96,92,1.16,CN,1689868316
123,upper grand lagoon,30.1633,-85.7408,33.33,71,40,3.09,US,1689868316
124,morehead city,34.7229,-76.726,31.69,78,0,2.68,US,1689868316
125,san patricio,28.017,-97.5169,33.82,44,70,5.22,US,1689868317
126,aberdeen,57.1437,-2.0981,15.27,83,75,2.06,GB,1689868219
127,elko,41.0002,-115.5012,20.91,52,0,0.45,US,1689868160
128,igrim,63.1906,64.4162,21.04,73,95,1.5,RU,1689868317
129,campo gallo,-26.5833,-62.85,22.47,31,11,5.77,AR,1689868317
130,sur,22.5667,59.5289,32.84,59,98,1.58,OM,1689868317
131,ulladulla,-35.35,150.4667,10.95,51,54,3.63,AU,1689868318
132,kavaratti,10.5669,72.642,28.16,82,100,8.23,IN,1689868318
133,puerto natales,-51.7236,-72.4875,1.72,99,100,1.3,CL,1689868261
134,constitucion,-35.3333,-72.4167,14.52,78,100,6.07,CL,1689868318
135,kuala belait,4.5833,114.1833,27.09,91,100,5.14,BN,1689868318
136,waingapu,-9.6567,120.2641,22.09,78,0,2.58,ID,1689868318
137,holualoa,19.6228,-155.9522,26.59,89,75,3.6,US,1689868318
138,san fernando,15.0286,120.6898,26.85,86,10,0.91,PH,1689868319
139,kodiak,57.79,-152.4072,10.73,100,100,0.0,US,1689868320
140,klyuchi,52.2667,79.1667,22.28,55,84,3.55,RU,1689868320
141,nevada,39.2502,-116.7512,21.31,42,0,0.16,US,1689868320
142,tidjikja,18.5564,-11.4271,37.8,25,60,8.78,MR,1689868121
143,olinda,-8.0089,-34.8553,27.85,69,40,7.72,BR,1689868265
144,port saint john's,-31.6229,29.5448,14.22,55,93,3.71,ZA,1689868320
145,cukai,4.25,103.4167,23.97,91,100,1.7,MY,1689868320
146,rongelap,11.1635,166.8941,28.78,78,100,7.38,MH,1689868067
147,valparaiso,-33.0393,-71.6273,15.56,90,100,1.54,CL,1689868321
148,sittwe,20.15,92.9,26.96,91,100,7.45,MM,1689868321
149,bowen,-20.0167,148.2333,17.31,87,30,3.47,AU,1689868321
150,krasnyy chikoy,50.3643,108.7512,13.94,64,12,1.11,RU,1689868321
151,keflavik,64.0049,-22.5624,12.95,82,75,3.09,IS,1689868070
152,port alfred,-33.5906,26.891,10.66,71,63,5.16,ZA,1689868321
153,aral,40.5156,81.2636,32.71,19,37,10.05,CN,1689868321
154,betio village,1.358,172.9211,26.02,77,77,4.57,KI,1689868322
155,touros,-5.1989,-35.4608,28.42,58,18,8.83,BR,1689868253
156,trapani,37.8333,12.6667,40.15,79,0,4.63,IT,1689868322
157,myrina,39.8797,25.0742,33.58,38,0,0.0,GR,1689868322
158,mount pearl,47.5166,-52.7813,28.51,77,75,8.23,CA,1689868323
159,tazovsky,67.4667,78.7,17.6,83,76,1.74,RU,1689868038
160,lazaro cardenas,17.9583,-102.2,28.82,74,99,1.79,MX,1689868119
161,turbat,26.0023,63.044,31.82,60,100,5.07,PK,1689868323
162,punta arenas,-53.15,-70.9167,2.28,67,97,6.62,CL,1689868247
163,miguel ahumada,30.6167,-106.5167,33.81,17,78,4.87,MX,1689868323
164,jalqani,12.4486,34.2186,29.43,63,100,3.43,SD,1689868323
165,luderitz,-26.6481,15.1594,16.61,52,0,7.51,NA,1689868324
166,pisco,-13.7,-76.2167,20.03,73,100,1.54,PE,1689868324
167,kulachi,31.9286,70.4592,37.0,42,7,1.28,PK,1689868324
168,pirot,43.1531,22.5861,27.02,63,3,3.04,RS,1689868324
169,gamba,-2.65,10.0,23.42,74,68,4.32,GA,1689868324
170,novospasskoye,53.1468,47.7514,20.02,53,64,5.24,RU,1689868325
171,walvis bay,-22.9575,14.5053,14.79,67,7,1.64,NA,1689868325
172,afaahiti,-17.75,-149.2833,22.93,66,55,8.11,PF,1689868325
173,margate,51.3813,1.3862,19.27,73,66,2.24,GB,1689868325
174,kitimat,54.0524,-128.6534,21.06,71,38,0.89,CA,1689868325
175,troitskoye,52.9821,84.6757,18.14,95,57,2.27,RU,1689868325
176,qamdo,31.1667,97.2333,6.23,69,81,1.51,CN,1689868310
177,masaka,-0.3338,31.7341,21.21,55,1,4.37,UG,1689868326
178,chernomorskoye,45.5039,32.6997,25.06,74,27,9.13,UA,1689868326
179,funafuti,-8.5243,179.1942,29.0,89,40,0.0,TV,1689868326
180,libreville,0.3925,9.4537,28.01,69,40,3.6,GA,1689868326
181,tsiombe,-25.3,45.4833,19.59,82,4,3.37,MG,1689868071
182,natal,-5.795,-35.2094,29.36,54,40,10.29,BR,1689868326
183,balikpapan,-1.2675,116.8289,24.55,100,75,2.06,ID,1689868326
184,puerto deseado,-47.7503,-65.8938,9.14,70,100,7.06,AR,1689868327
185,egilsstadir,65.2653,-14.3948,10.95,71,0,7.2,IS,1689868327
186,la sarre,48.8002,-79.1996,22.32,51,95,2.06,CA,1689868327
187,papao,-17.75,-149.55,23.82,66,34,7.6,PF,1689868327
188,edna,28.9786,-96.6461,33.39,71,9,3.94,US,1689868327
189,polyarnyy,69.1989,33.4478,10.82,85,100,9.11,RU,1689868327
190,petropavlovsk-kamchatsky,53.0452,158.6483,11.33,100,100,3.0,RU,1689868085
191,east london,-33.0153,27.9116,12.52,66,75,2.06,ZA,1689868252
192,sitka,57.0531,-135.33,12.94,82,40,0.0,US,1689868254
193,badger,64.8,-147.5333,16.95,94,100,2.06,US,1689868055
194,kingston,17.997,-76.7936,31.8,65,40,8.75,JM,1689868111
195,guatrache,-37.6678,-63.5302,13.41,43,24,8.65,AR,1689868328
196,mezhdurechensk,53.6942,88.0603,18.08,99,100,1.56,RU,1689868329
197,sulak,43.2734,47.5146,25.0,69,0,4.03,RU,1689868329
198,tura,25.5198,90.2201,25.3,93,99,1.98,IN,1689868329
199,hasaki,35.7333,140.8333,25.73,90,0,4.78,JP,1689868329
200,isla del bosque,22.7333,-105.85,31.32,64,16,0.86,MX,1689868329
201,tralee,52.2704,-9.7026,16.14,67,40,3.09,IE,1689868330
202,fale old settlement,-9.3852,-171.2468,28.3,77,27,5.72,TK,1689868330
203,acapulco de juarez,16.8634,-99.8901,29.9,70,75,1.03,MX,1689868235
204,lebu,-37.6167,-73.65,12.82,94,100,11.16,CL,1689868330
205,heilbron,-27.2812,27.9709,8.81,68,79,8.95,ZA,1689868330
206,tromso,69.6496,18.957,14.01,72,0,8.23,NO,1689868330
207,belokurikha,51.9959,84.9896,17.46,93,27,1.61,RU,1689868331
208,villa juarez,24.6536,-107.5411,31.93,59,66,2.93,MX,1689868331
209,mar del plata,-38.0023,-57.5575,13.86,71,0,8.05,AR,1689868105
210,xiantao,30.3833,113.4,26.61,92,95,2.29,CN,1689868331
211,chulakkurgan,43.765,69.1814,29.18,21,0,5.01,KZ,1689868331
212,yeniseysk,58.4497,92.1703,17.74,61,27,2.31,RU,1689868332
213,cockburn town,21.4612,-71.1419,28.19,79,80,8.24,TC,1689868332
214,codrington,-38.2667,141.9667,7.43,78,43,4.55,AU,1689868332
215,mudanjiang,44.5833,129.6,20.71,90,92,1.13,CN,1689868332
216,shimoda,34.6667,138.95,22.84,87,48,4.71,JP,1689868337
217,enewetak,11.3474,162.3373,28.54,80,43,6.89,MH,1689868337
218,anori,-3.7728,-61.6442,36.0,27,6,2.36,BR,1689868338
219,mogocha,53.7333,119.7667,9.73,74,9,0.67,RU,1689868339
220,vila franca do campo,37.7167,-25.4333,22.23,65,100,0.97,PT,1689868339
221,ornskoldsvik,63.2909,18.7153,19.53,59,100,3.6,SE,1689868339
222,vilyuchinsk,52.9306,158.4028,12.15,95,96,0.68,RU,1689868116
223,inarajan village,13.2736,144.7484,28.54,89,100,2.72,GU,1689868339
224,thompson,55.7435,-97.8558,20.09,73,40,2.06,CA,1689868340
225,petawawa,45.9001,-77.3328,23.77,67,75,2.06,CA,1689868340
226,xilin hot,43.9667,116.0333,19.54,65,40,3.29,CN,1689868340
227,broome,42.2506,-75.833,28.16,51,0,1.54,US,1689868340
228,sinabang,2.4803,96.3801,26.07,82,96,1.72,ID,1689868341
229,kruisfontein,-34.0033,24.7314,9.94,64,91,4.1,ZA,1689868341
230,bamboo flat,11.7,92.7167,28.05,89,75,5.66,IN,1689868341
231,sejenane,37.0572,9.2381,31.53,34,3,4.98,TN,1689868341
232,sao paulo de olivenca,-3.3783,-68.8725,29.81,68,48,1.14,BR,1689868342
233,al qadarif,14.0349,35.3834,33.45,40,100,5.48,SD,1689868342
234,takab,36.4009,47.1133,25.43,36,55,5.2,IR,1689868342
235,el nido,11.1858,119.3956,27.41,79,100,2.17,PH,1689868343
236,carnarvon,-24.8667,113.6333,15.24,42,0,9.2,AU,1689868343
237,sirte,31.2089,16.5887,30.12,59,0,4.28,LY,1689868343
238,manokwari,-0.8667,134.0833,25.77,84,26,1.97,ID,1689868344
239,kyaikkami,16.08,97.5675,25.33,87,100,3.33,MM,1689868344
240,xiongzhou,25.1167,114.3,25.83,93,99,1.3,CN,1689868344
241,daru,-9.0763,143.2092,24.51,83,100,5.35,PG,1689868344
242,richards bay,-28.783,32.0377,14.68,81,100,5.71,ZA,1689868101
243,pariaman,-0.619,100.12,24.03,89,100,1.55,ID,1689868345
244,tonala,20.6167,-103.2333,19.51,77,100,2.06,MX,1689868345
245,hadibu,12.65,54.0333,25.24,79,100,7.65,YE,1689868345
246,hermanus,-34.4187,19.2345,12.67,65,3,7.82,ZA,1689868277
247,huanan,46.2167,130.5167,21.03,92,98,1.49,CN,1689868345
248,siwa oasis,29.2041,25.5195,38.66,13,0,3.21,EG,1689868346
249,moorebank,-33.9333,150.9497,12.67,68,0,0.89,AU,1689868346
250,iqaluit,63.7506,-68.5145,3.85,100,100,2.57,CA,1689868144
251,gembu,6.7,11.2667,21.37,89,59,1.34,NG,1689868346
252,strezhevoy,60.7333,77.5889,20.72,57,100,3.02,RU,1689868346
253,n'zeto,-7.2312,12.8666,22.98,71,5,3.33,AO,1689868347
254,demopolis,32.5176,-87.8364,31.97,66,0,3.6,US,1689868347
255,kerikeri,-35.2268,173.9474,7.73,95,6,0.85,NZ,1689868347
256,carepa,7.7585,-76.6525,29.88,84,75,3.09,CO,1689868348
257,prince george,53.9166,-122.753,20.14,62,0,3.6,CA,1689868091
258,back mountain,41.3359,-75.9963,28.58,69,0,1.26,US,1689868348
259,guiyang,26.5833,106.7167,22.27,88,0,2.0,CN,1689868318
260,sosnogorsk,63.6023,53.8817,18.8,89,92,1.97,RU,1689868349
261,naugachhia,25.4,87.1,32.6,62,100,3.37,IN,1689868349
262,qaqortoq,60.7167,-46.0333,8.63,87,100,3.53,GL,1689868285
263,moram,17.8,76.4667,22.12,94,100,8.59,IN,1689868349
264,atar,20.5169,-13.0499,44.03,15,14,5.14,MR,1689868349
265,frontera,26.9333,-101.45,31.29,55,77,0.89,MX,1689868349
266,chamba,32.5667,76.1333,26.18,91,92,0.55,IN,1689868350
267,selfoss,63.9331,-20.9971,18.91,69,96,4.66,IS,1689868350
268,tofol,5.3248,163.0078,28.19,78,100,7.41,FM,1689868350
269,sterling,39.0062,-77.4286,31.4,60,20,2.68,US,1689868217
270,ebon,4.582,168.6964,27.81,80,100,6.69,MH,1689868350
271,massawa,15.6097,39.45,36.05,49,97,1.95,ER,1689868350
272,santiago de cao,-7.9589,-79.2392,23.07,78,100,4.12,PE,1689868351
273,sengkang,-4.1279,120.0297,23.18,94,1,1.23,ID,1689868351
274,vila velha,-20.3297,-40.2925,23.97,82,75,7.2,BR,1689868351
275,armidale,-30.5167,151.65,1.44,62,0,2.08,AU,1689868351
276,schnaittach,49.5592,11.3431,25.61,37,85,0.45,DE,1689868351
277,ugoofaaru,5.6667,73.0,28.44,79,100,7.15,MV,1689868351
278,kedrovka,55.5333,86.05,18.49,78,100,2.17,RU,1689868352
279,port elizabeth,-33.918,25.5701,13.16,54,75,3.09,ZA,1689868352
280,rojhan,28.6868,69.9534,38.42,39,49,2.8,PK,1689868352
281,archidona,37.0965,-4.3887,36.31,12,28,7.79,ES,1689868352
282,minas de marcona,-15.2119,-75.1103,17.76,60,34,3.59,PE,1689868296
283,thisted,56.9552,8.6949,15.67,71,73,10.01,DK,1689868352
284,mili,6.0815,171.735,28.4,81,100,8.42,MH,1689868352
285,tshabong,-26.05,22.45,16.49,21,0,3.25,BW,1689868353
286,lerwick,60.1545,-1.1494,13.0,81,99,8.31,GB,1689868103
287,decize,46.8285,3.4619,26.82,30,96,0.62,FR,1689868353
288,harper,4.375,-7.7169,26.0,83,100,5.57,LR,1689868353
289,wenji,8.45,39.2833,23.9,56,100,3.7,ET,1689868353
290,kudat,6.8837,116.8477,25.96,94,20,0.0,MY,1689868353
291,new plymouth,-39.0667,174.0833,12.12,69,100,9.06,NZ,1689868095
292,castillos,-34.1667,-53.8333,16.28,71,100,4.72,UY,1689868354
293,hailar,49.2,119.7,16.44,64,80,0.95,CN,1689868354
294,labrador city,52.9463,-66.9114,14.95,72,100,2.57,CA,1689868210
295,tosontsengel,48.7567,98.2839,11.28,81,56,2.44,MN,1689868354
296,aginskoye,51.1,114.53,15.01,53,32,0.97,RU,1689868354
297,kidal,18.4411,1.4078,40.67,17,39,6.66,ML,1689868354
298,prince rupert,54.3161,-130.3201,14.83,98,100,0.51,CA,1689868210
299,bikenibeu village,1.3673,173.1241,25.98,94,75,1.03,KI,1689868355
300,santa pola,38.1917,-0.5658,31.09,80,20,2.68,ES,1689868355
301,kristiansund,63.1115,7.732,15.36,58,40,4.63,NO,1689868355
302,sabang,5.8933,95.3214,29.01,74,52,10.78,ID,1689868355
303,saldanha,-33.0117,17.9442,16.03,62,0,5.72,ZA,1689868111
304,daday,41.4787,33.4667,24.3,54,0,2.09,TR,1689868355
305,fort bragg,35.139,-79.006,32.17,60,0,2.57,US,1689868355
306,ouagadougou,12.3642,-1.5383,32.07,66,40,4.63,BF,1689868356
307,ixtapa,20.7,-105.2,30.68,78,57,1.79,MX,1689868356
308,aioun,16.6614,-9.6149,39.47,25,94,8.76,MR,1689868356
309,auki,-8.7676,160.7034,25.39,91,98,1.56,SB,1689868356
310,babayevo,59.3936,35.9371,17.62,64,100,5.0,RU,1689868356
311,port douglas,-16.4833,145.4667,20.5,81,61,2.69,AU,1689868065
312,carutapera,-1.195,-46.02,30.38,58,13,3.65,BR,1689868357
313,ust-nera,64.5667,143.2,19.08,53,57,2.62,RU,1689868328
314,perugorria,-29.3413,-58.6106,19.06,55,88,3.89,AR,1689868357
315,zahedan,29.4963,60.8629,32.95,18,89,5.14,IR,1689868357
316,roosevelt,33.9668,-103.4505,28.83,24,92,5.03,US,1689868357
317,dolores,-36.3132,-57.6792,13.45,67,97,4.36,AR,1689868357
318,port-vila,-17.7338,168.3219,18.78,100,75,1.54,VU,1689868358
319,aweil,8.7682,27.4002,28.91,60,92,1.39,SS,1689868358
320,cu chi,10.9667,106.4667,26.01,90,99,2.29,VN,1689868358
321,labytnangi,66.6572,66.4183,21.08,75,91,4.52,RU,1689868358
322,kuala kangsar,4.7667,100.9333,26.96,96,100,0.7,MY,1689868358
323,homer,59.6425,-151.5483,13.76,94,75,0.0,US,1689868358
324,kangding,30.0513,101.9603,16.13,99,100,0.99,CN,1689868358
325,turpan,42.9333,89.1667,39.23,15,95,6.02,CN,1689868358
326,sakakah,29.9697,40.2064,42.76,8,0,3.7,SA,1689868358
327,chibougamau,49.9168,-74.3659,17.79,63,75,2.52,CA,1689868359
328,nongstoin,25.5167,91.2667,20.43,96,100,1.32,IN,1689868359
329,yamada,39.4667,141.95,19.13,93,96,0.2,JP,1689868359
330,happy valley-goose bay,53.3168,-60.3315,22.17,49,75,3.6,CA,1689868359
331,mujiayingzi,42.1167,118.7833,22.67,62,42,0.6,CN,1689868359
332,arua,3.0201,30.9111,22.76,64,79,2.19,UG,1689868359
333,khandyga,62.6667,135.6,15.43,83,81,1.5,RU,1689868359
334,mossel bay,-34.1831,22.146,11.96,67,32,8.56,ZA,1689868360
335,quinte west,44.1834,-77.5662,26.22,53,40,2.06,CA,1689868360
336,kroya,-7.6331,109.2461,22.93,90,32,3.27,ID,1689868360
337,vernon,50.2581,-119.2691,23.85,43,0,1.54,CA,1689868360
338,zemio,5.0314,25.1361,24.01,83,73,1.09,CF,1689868360
339,egersund,58.4513,5.9997,14.65,88,97,5.85,NO,1689868360
340,cadale,2.7603,46.3222,25.65,81,73,9.93,SO,1689868360
341,al kharijah,25.4514,30.5464,41.28,10,0,1.97,EG,1689868361
342,seminole,28.7086,-81.2081,34.63,68,0,2.57,US,1689868200
343,deming,32.2687,-107.7586,32.94,18,0,3.09,US,1689868361
344,kostanay,53.1667,63.5833,24.16,64,40,4.0,KZ,1689868361
345,zhangye,38.9342,100.4517,23.54,30,7,0.69,CN,1689868361
346,neftcala,39.3742,49.2472,26.37,61,0,4.04,AZ,1689868361
347,at taj,24.2049,23.2857,38.09,10,0,6.19,LY,1689868362
348,cabo san lucas,22.8909,-109.9124,34.78,51,40,2.06,MX,1689868320
349,beawar,26.1,74.3167,31.91,62,61,1.05,IN,1689868362
350,kupang,-10.1667,123.5833,24.45,77,76,6.44,ID,1689868362
351,sanibel,26.449,-82.0223,34.47,65,79,2.24,US,1689868362
352,chadron,42.8294,-102.9999,18.86,66,100,1.34,US,1689868362
353,hirara,24.8,125.2833,26.92,89,20,2.57,JP,1689868363
354,newman,37.3138,-121.0208,26.19,24,0,2.48,US,1689868363
355,illizi,26.4833,8.4667,40.89,9,0,8.23,DZ,1689868363
356,fort mcmurray,56.7268,-111.381,18.77,82,0,2.57,CA,1689868287
357,sinop,41.7711,34.8709,22.24,67,0,1.97,TR,1689868365
358,eureka,40.8021,-124.1637,14.4,94,69,1.34,US,1689868254
359,puerto armuelles,8.2833,-82.8667,30.99,81,31,1.79,PA,1689868365
360,zhelezinka,53.54,75.3072,23.82,47,62,4.71,KZ,1689868365
361,cill airne,52.05,-9.5167,16.03,67,40,3.09,IE,1689868367
362,bel ombre,-4.6167,55.4167,25.91,83,40,5.14,SC,1689868367
363,bandarbeyla,9.4942,50.8122,23.69,84,100,13.19,SO,1689868352
364,opuwo,-18.0607,13.84,24.74,9,0,1.24,NA,1689868367
365,piacabucu,-10.4056,-36.4344,26.39,63,2,6.4,BR,1689868367
366,prainha,-1.8,-53.48,33.81,41,8,2.76,BR,1689868367
367,tazacorte,28.629,-17.9293,26.19,76,75,7.2,ES,1689868367
368,weno,7.4515,151.8468,27.97,89,100,2.06,FM,1689868373
369,chinhoyi,-17.3667,30.2,19.48,31,0,2.27,ZW,1689868373
370,coquimbo,-29.9533,-71.3436,13.85,88,75,2.57,CL,1689868373
371,sikar,27.6167,75.15,33.46,50,97,1.75,IN,1689868373
372,matoury,4.8483,-52.3317,31.98,62,75,4.63,GF,1689868373
373,emerald,-23.5333,148.1667,16.86,67,43,2.71,AU,1689868373
374,seka,17.9285,103.9552,25.33,92,93,1.6,TH,1689868373
375,tobol'sk,58.2,68.2667,20.93,68,100,2.19,RU,1689868320
376,faya-largeau,17.9257,19.1043,39.18,25,4,6.63,TD,1689868374
377,north battleford,52.7834,-108.2847,20.22,88,0,1.54,CA,1689868374
378,chegdomyn,51.1167,133.0167,19.79,84,97,1.17,RU,1689868374
379,ambon,-3.6954,128.1814,26.6,95,40,3.09,ID,1689868374
380,huancavelica,-12.7667,-74.9833,7.79,47,5,3.69,PE,1689868217
381,queenstown,-31.8976,26.8753,4.13,79,79,5.91,ZA,1689868374
382,kawm umbu,24.4767,32.9463,43.7,7,0,5.68,EG,1689868375
383,brisas de zicatela,15.8369,-97.0419,31.38,51,5,1.56,MX,1689868375
384,yashkul',46.1711,45.3435,28.45,29,11,4.35,RU,1689868375
385,asaita,11.5636,41.4394,41.01,19,95,4.14,ET,1689868375
386,brookings,44.3114,-96.7984,21.25,76,46,1.79,US,1689868281
387,mount isa,-20.7333,139.5,18.87,55,39,2.57,AU,1689868375
388,machico,32.7,-16.7667,25.4,63,40,6.69,PT,1689868375
389,sola,-13.8833,167.55,24.37,100,100,2.06,VU,1689868375
390,howard springs,-12.497,131.047,22.95,64,10,2.7,AU,1689868376
391,coyhaique,-45.5752,-72.0662,2.97,93,100,0.0,CL,1689868376
392,mogok,22.9167,96.5,19.81,98,100,1.15,MM,1689868376
393,wuwei,37.9281,102.6414,20.21,39,57,1.72,CN,1689868376
394,arteche,12.2645,125.4048,25.69,88,93,1.18,PH,1689868376
395,laguna,38.421,-121.4238,30.05,70,0,0.0,US,1689868376
396,punto fijo,11.6956,-70.1996,31.32,57,7,13.35,VE,1689868376
397,tsengel,49.4783,100.8894,13.18,84,53,1.91,MN,1689868376
398,geraldton,-28.7667,114.6,6.23,93,0,2.57,AU,1689868377
399,qarazhal,48.0078,70.7903,26.69,26,13,2.53,KZ,1689868377
400,la puebla de montalban,39.863,-4.3592,36.96,8,0,10.03,ES,1689868377
401,urangan,-25.3,152.9,16.56,73,1,3.83,AU,1689868353
402,seaside,36.6111,-121.8516,13.09,96,100,0.0,US,1689868089
403,mahdia,35.5047,11.0622,35.97,39,0,4.52,TN,1689868377
404,south hedland,-20.4089,118.5983,16.96,67,47,1.54,AU,1689868377
405,colonia,50.9333,6.95,25.54,39,0,3.09,DE,1689868301
406,fortuna,40.5982,-124.1573,14.25,98,100,3.6,US,1689868277
407,ibarreta,-25.2144,-59.8585,25.46,39,55,3.55,AR,1689868378
408,waiuku,-37.25,174.75,14.58,95,100,6.52,NZ,1689868378
409,serres,41.0856,23.5497,37.03,42,16,4.05,GR,1689868378
410,katabu,-4.9333,122.5167,23.95,91,1,2.27,ID,1689868378
411,las varillas,-31.8721,-62.7195,18.51,40,55,7.38,AR,1689868378
412,bairnsdale,-37.8333,147.6167,9.47,76,80,0.45,AU,1689868378
413,midvagur,62.0511,-7.1939,9.46,93,100,9.26,FO,1689868378
414,nikolayevsk-on-amure,53.1406,140.73,16.27,99,57,1.76,RU,1689868378
415,basawul,34.2475,70.8722,34.65,45,2,3.76,AF,1689868379
416,saurimo,-9.6608,20.3916,29.32,19,10,1.64,AO,1689868379
417,noosa heads,-26.3833,153.15,12.41,85,3,4.04,AU,1689868379
418,long beach,33.767,-118.1892,28.34,77,0,2.24,US,1689868202
419,teuva,62.4819,21.7416,15.88,58,96,2.29,FI,1689868379
420,aljustrel,37.8776,-8.1652,30.93,26,0,7.95,PT,1689868379
421,namtsy,62.7161,129.6658,12.35,97,100,1.75,RU,1689868379
422,saint-francois,46.4154,3.9054,27.69,34,0,1.54,FR,1689868379
423,leamington,42.0549,-82.6062,28.3,79,29,6.71,CA,1689868379
424,puerto esperanza,-26.0152,-54.6731,20.82,57,84,2.81,AR,1689868380
425,rodolfo sanchez taboada,31.7167,-116.5667,20.06,83,81,1.34,MX,1689868380
426,callao,-12.0667,-77.15,22.16,64,75,2.06,PE,1689868385
427,acarau,-2.8856,-40.12,31.08,47,0,7.73,BR,1689868378
428,monze,-16.2833,27.4833,20.37,33,0,3.72,ZM,1689868385
429,chinde,26.8418,88.0763,21.12,83,88,1.72,NP,1689868385
430,paraiso,9.8383,-83.8656,23.48,76,93,2.55,CR,1689868386
431,mount gambier,-37.8333,140.7667,6.08,83,26,2.39,AU,1689868351
432,taltal,-25.4,-70.4833,19.14,67,68,1.7,CL,1689868386
433,mwaro,-3.5,29.6667,20.11,57,93,1.94,BI,1689868386
434,hithadhoo,-0.6,73.0833,28.09,77,26,7.63,MV,1689868386
435,xifeng,42.7372,124.7222,22.87,87,100,0.83,CN,1689868387
436,vorgashor,67.5833,63.95,21.98,70,93,2.95,RU,1689868387
437,tell city,37.9514,-86.7678,27.26,89,75,0.0,US,1689868387
438,guerrero negro,27.9769,-114.0611,22.46,69,96,5.01,MX,1689868170
439,okhotsk,59.3833,143.3,12.16,93,56,1.85,RU,1689868348
440,aripuana,-9.1667,-60.6333,34.72,25,32,1.86,BR,1689868387
441,mariental,-24.6333,17.9667,17.17,21,0,2.49,NA,1689868388
442,saint-pierre,-21.3393,55.4781,22.82,83,0,1.03,RE,1689868380
443,akureyri,65.6835,-18.0878,10.96,82,20,5.66,IS,1689868388
444,enriquillo,17.9,-71.2333,32.82,70,5,7.09,DO,1689868388
445,salamanca,40.8333,-6.0,29.88,18,3,7.95,ES,1689868388
446,island harbour,50.724,-1.2758,22.02,51,80,2.68,GB,1689868389
447,tyazhinskiy,56.116,88.524,20.49,61,99,3.83,RU,1689868389
448,margarita belen,-27.2616,-58.9722,22.81,47,90,3.18,AR,1689868389
449,vershino-darasunskiy,52.35,115.5167,11.71,58,21,1.37,RU,1689868389
450,mogadishu,2.0371,45.3438,26.93,83,75,8.75,SO,1689868374
451,shiyan,32.6475,110.7781,26.44,84,100,1.14,CN,1689868292
452,yuanlin,30.4151,112.8859,26.76,92,100,2.12,CN,1689868389
453,goure,13.9835,10.2704,37.36,26,76,5.16,NE,1689868389
454,knyaze-volkonskoye,48.4642,135.4567,23.19,84,80,2.95,RU,1689868390
455,mahina,-17.5065,-149.489,23.87,60,75,7.72,PF,1689868390
456,la passe,45.5549,-0.8967,27.13,57,92,5.99,FR,1689868248
457,kilju,40.9642,129.3278,20.23,96,10,0.5,KP,1689868390
458,chake chake,-5.2459,39.7666,23.88,83,43,5.13,TZ,1689868390
459,sarmiento,-45.5882,-69.07,4.79,93,100,1.45,AR,1689868390
460,noumea,-22.2763,166.4572,21.11,99,41,2.48,NC,1689868391
461,shindand,33.3029,62.1474,31.89,19,0,15.22,AF,1689868391
462,puerto aysen,-45.4,-72.7,5.02,93,100,0.0,CL,1689868254
463,modra,48.334,17.3071,28.59,34,0,4.63,SK,1689868391
464,bubaque,11.2833,-15.8333,26.34,84,100,7.88,GW,1689868391
465,kinzan,36.1031,127.4889,22.47,96,39,0.55,KR,1689868391
466,merizo village,13.2658,144.6691,28.31,89,100,3.09,GU,1689868392
467,la'ie,21.6477,-157.9253,25.98,83,90,4.02,US,1689868347
468,majene,-3.5403,118.9707,25.56,85,17,4.44,ID,1689868392
469,vodice,43.7608,15.7828,31.98,63,0,0.99,HR,1689868392
470,lusaka,-15.4067,28.2871,24.14,29,0,4.12,ZM,1689868157
471,lago da pedra,-4.3333,-45.1667,33.61,32,0,3.4,BR,1689868392
472,burley,42.5357,-113.7928,21.98,56,0,2.57,US,1689868392
473,doka,13.5167,35.7667,28.75,60,93,5.58,SD,1689868393
474,lensk,60.7253,114.9278,15.39,93,63,2.51,RU,1689868393
475,zaozersk,69.4005,32.4476,9.7,93,100,9.36,RU,1689868393
476,mazagao,-0.115,-51.2894,31.03,47,0,2.04,BR,1689868393
477,karratha,-20.7377,116.8463,19.81,50,2,3.45,AU,1689868270
478,pangody,65.85,74.4859,23.67,57,95,3.31,RU,1689868393
479,glendale,33.5387,-112.186,40.89,24,0,3.09,US,1689868326
480,san rafael del yuma,18.4299,-68.6739,32.11,50,38,5.64,DO,1689868394
481,nabire,-3.3667,135.4833,24.6,91,100,1.16,ID,1689868394
482,kashmor,28.4333,69.5833,38.15,41,76,3.34,PK,1689868394
483,awjilah,29.1081,21.2869,38.53,13,0,4.64,LY,1689868394
484,la union,-5.4,-80.75,27.28,54,7,4.12,PE,1689868394
485,sassnitz,54.5167,13.65,17.49,68,26,9.45,DE,1689868394
486,semporna,4.4818,118.6112,26.35,86,66,2.65,MY,1689868394
487,korla,41.7597,86.1469,33.29,19,14,4.99,CN,1689868395
488,edgewater,28.9889,-80.9023,33.39,78,48,0.45,US,1689868395
489,piranshahr,36.701,45.1413,26.57,32,71,1.0,IR,1689868395
490,gdansk,54.3521,18.6464,22.05,58,20,7.72,PL,1689868395
491,oriximina,-1.7656,-55.8661,34.72,35,33,2.35,BR,1689868395
492,deschutes river woods,43.9915,-121.3584,24.83,36,0,2.57,US,1689868395
493,belyy yar,53.6039,91.3903,21.94,64,0,1.0,RU,1689868396
494,thunder bay,48.4001,-89.3168,18.99,72,75,2.06,CA,1689868396
495,anloga,5.7947,0.8973,26.84,80,73,7.37,GH,1689868396
496,amarillo,35.222,-101.8313,29.46,68,0,0.45,US,1689868396
497,mata-utu,-13.2816,-176.1745,27.17,82,70,4.54,WF,1689868396
498,yakutsk,62.0339,129.7331,13.98,93,75,2.0,RU,1689868396
499,houghton,47.1219,-88.569,14.71,95,100,4.12,US,1689868397
500,whakatane,-37.9585,176.9854,13.62,83,100,1.34,NZ,1689868397
501,antsiranana,-12.2787,49.2917,26.42,69,20,3.09,MG,1689868397
502,palmer,42.1584,-72.3287,28.41,52,20,2.57,US,1689868199
503,fig tree,-33.0317,148.7511,7.67,53,43,2.16,AU,1689868397
504,orkney,-26.9802,26.6727,15.36,34,56,4.96,ZA,1689868397
505,hammerfest,70.6634,23.6821,9.25,93,75,5.14,NO,1689868387
506,itaituba,-4.2761,-55.9836,34.09,55,20,1.54,BR,1689868397
507,emmett,43.8735,-116.4993,30.2,35,0,1.34,US,1689868398
508,pasuquin,18.3328,120.6177,26.97,94,20,2.57,PH,1689868398
509,jaciara,-15.9653,-54.9683,34.3,25,0,1.32,BR,1689868398
510,sierra grande,-41.606,-65.3557,13.28,45,99,11.27,AR,1689868398
511,puerto real,36.5282,-6.1901,33.67,51,0,8.75,ES,1689868398
512,fauske,67.2588,15.3918,16.64,72,94,0.87,NO,1689868399
513,bumba,2.1833,22.4667,28.55,60,41,0.32,CD,1689868399
514,bouarfa,32.53,-1.95,38.22,7,24,4.83,MA,1689868399
515,malpe,13.35,74.7167,27.61,86,100,7.09,IN,1689868316
516,mecca,21.4267,39.8261,38.27,14,42,7.24,SA,1689868162
517,penzance,50.1186,-5.5371,19.62,68,20,5.66,GB,1689868399
518,melfort,52.8667,-104.6177,19.07,68,13,2.06,CA,1689868399
519,mejit,10.2753,170.8646,28.36,81,95,7.3,MH,1689868400
520,sume,-7.6717,-36.88,29.56,32,0,8.85,BR,1689868400
521,kapuskasing,49.4169,-82.4331,16.0,94,100,2.06,CA,1689868400
522,hilo,19.7297,-155.09,22.92,99,100,1.34,US,1689868392
523,giado,31.9582,12.0203,38.57,9,0,6.77,LY,1689868400
524,lorengau,-2.0226,147.2712,27.04,81,11,3.71,PG,1689868400
525,raton,36.9034,-104.4391,22.19,68,0,3.09,US,1689868400
526,basco,20.4487,121.9702,29.66,74,13,5.93,PH,1689868401
527,kudahuvadhoo,2.6708,72.8944,28.38,74,36,4.32,MV,1689868343
528,bure,10.7,37.0667,15.36,93,100,1.13,ET,1689868401
529,faxinal,-24.0003,-51.3194,20.86,60,8,2.79,BR,1689868401
530,ancud,-41.8697,-73.8203,11.58,90,89,9.27,CL,1689868401
531,mpulungu,-8.7623,31.1141,24.01,43,3,1.58,ZM,1689868401
532,kailua-kona,19.6406,-155.9956,28.66,91,75,3.6,US,1689868401
533,selebi-phikwe,-21.979,27.8498,15.11,69,86,8.01,BW,1689868401
534,tauranga,-37.6861,176.1667,12.19,86,100,2.68,NZ,1689868402
535,batangafo,7.3008,18.2833,28.14,74,84,1.26,CF,1689868402
536,maturin,9.75,-63.1767,28.34,73,100,3.19,VE,1689868402
537,new norfolk,-42.7826,147.0587,7.06,97,65,1.33,AU,1689868402
538,hami,42.8,93.45,34.23,11,61,2.23,CN,1689868392
539,assab,13.0092,42.7394,32.98,66,100,8.2,ER,1689868402
540,savannakhet,16.566,104.751,25.67,90,94,1.57,LA,1689868402
541,sao mateus do maranhao,-4.0417,-44.475,34.07,31,0,3.22,BR,1689868403
542,tual,-5.6667,132.75,26.5,81,58,7.95,ID,1689868403
543,sakchu-up,40.3894,125.0467,23.12,87,80,0.89,KP,1689868403
544,nizhneangarsk,55.7833,109.55,12.67,71,10,4.7,RU,1689868403
545,tevriz,57.509,72.4042,18.03,93,58,0.9,RU,1689868403
546,buritis,-15.6178,-46.4233,29.54,29,49,6.0,BR,1689868207
547,kalmunai,7.4167,81.8167,28.99,58,83,3.42,LK,1689868122
548,coronel suarez,-37.4547,-61.9334,12.46,52,54,7.1,AR,1689868405
549,ribas do rio pardo,-20.4431,-53.7592,28.52,42,20,5.27,BR,1689868405
550,tenancingo de degollado,18.9667,-99.6,21.76,61,63,1.62,MX,1689868405
551,saint croix,17.7397,-64.7388,31.09,75,100,7.2,VI,1689868405
552,kisangani,0.5167,25.2,30.2,66,20,3.09,CD,1689868405
553,san antonio de pale,-1.4014,5.6325,23.83,78,26,5.15,GQ,1689868293
554,argo,37.6333,22.7333,35.44,27,0,2.04,GR,1689868406
555,inebolu,41.9747,33.7608,25.43,74,0,3.52,TR,1689868406
556,tocopilla,-22.092,-70.1979,19.82,68,35,0.84,CL,1689868406
557,salalah,17.0151,54.0924,26.05,94,100,3.6,OM,1689868221
558,cidreira,-30.1811,-50.2056,16.44,82,100,7.98,BR,1689868406
559,la fria,8.2203,-72.2439,33.06,38,25,3.29,VE,1689868406
560,harlingen,26.1906,-97.6961,33.83,69,40,8.23,US,1689868121
561,tabou,4.423,-7.3528,25.92,83,100,5.34,CI,1689868407
562,hovd,48.0056,91.6419,25.91,24,71,4.75,MN,1689868407
563,lhasa,29.65,91.1,15.36,52,31,1.53,CN,1689868407
564,sovetskaya gavan',48.9723,140.2878,16.99,98,100,1.61,RU,1689868408
565,jackson,42.4165,-122.8345,22.78,61,0,0.0,US,1689868394
566,karaton,-6.3424,106.1045,23.37,85,72,0.39,ID,1689868408
567,nyagan,62.1406,65.3936,20.73,72,79,1.88,RU,1689868408
568,motygino,58.1831,94.7592,17.05,60,0,1.88,RU,1689868408
569,along,28.1667,94.7667,25.41,91,99,0.49,IN,1689868408
570,minot air force base,48.4209,-101.3391,21.1,75,0,4.12,US,1689868408
571,broken hill,-31.95,141.4333,10.17,67,98,6.83,AU,1689868409
572,gondar,12.6,37.4667,16.2,86,100,3.41,ET,1689868409
573,mirny,62.5353,113.9611,15.1,68,42,2.13,RU,1689868409
574,isangel,-19.55,169.2667,21.71,78,66,5.91,VU,1689868409
575,alice springs,-23.7,133.8833,9.75,66,16,1.54,AU,1689868121
576,south venice,27.0531,-82.4243,33.92,74,0,4.63,US,1689868409
577,ghat,24.9647,10.1728,38.25,10,0,4.89,LY,1689868410
578,gorontalo,0.5412,123.0595,23.92,94,24,1.32,ID,1689868410
579,filadelfia,39.9523,-75.1638,30.32,63,40,3.6,US,1689868125
580,nanning,22.8167,108.3167,27.25,90,99,2.1,CN,1689868145
581,mazatlan,23.2167,-106.4167,32.79,82,8,1.34,MX,1689868354
582,kapa'a,22.0752,-159.319,26.18,86,75,7.2,US,1689868410
583,barcelos,41.5388,-8.6151,26.06,59,27,5.79,PT,1689868274
